Destination IP,Count
"23.83.91.170","5"
"173.208.45.33","5"
"37.19.218.2","4"
"198.7.56.226","4"
"45.121.208.160","4"
"116.90.72.243","4"
"71.19.252.152","4"
"103.108.92.83","4"
"185.99.3.24","4"
"103.108.94.163","4"
"103.108.95.227","4"
"193.36.118.227","4"
"172.241.26.78","4"
"179.49.5.123","4"
"198.23.242.147","4"
"185.191.205.139","4"
"185.191.205.147","4"
"103.1.212.243","4"
"66.203.113.131","4"
"195.54.178.38","4"
"45.133.194.211","4"
"84.17.59.66","4"
"199.217.104.227","4"
"5.181.235.67","4"
"84.17.57.114","4"
"121.88.85.131","4"
"38.95.13.131","4"
"23.92.127.35","4"
"23.172.112.227","4"
"202.74.239.11","4"
"195.181.166.129","4"
"76.72.175.163","4"
"103.107.198.227","4"
"177.67.80.59","4"
"185.104.217.67","4"
"23.82.137.72","4"
"190.120.229.139","4"
"167.88.60.227","4"
"195.80.149.243","4"
"172.241.250.131","4"
"218.232.76.179","4"
"103.62.49.113","4"
"185.156.175.179","4"
"45.9.248.3","4"
"45.9.249.43","4"
"116.206.229.131","4"
"169.255.56.203","4"
"185.64.104.116","4"
"190.103.176.147","4"
"206.217.128.3","4"
"146.70.31.115","4"
"185.145.245.96","4"
"202.43.6.1","4"
"198.12.76.211","4"
"87.101.94.195","4"
"206.217.134.115","4"
"23.191.80.3","4"
"138.186.141.155","4"
"31.171.152.179","4"
"201.168.77.125","4"
"138.186.142.203","4"
"64.120.2.174","4"
"146.70.16.243","4"
"202.8.10.17","4"
"82.221.139.38","3"
"74.80.181.132","2"
"74.80.181.147","2"
"217.199.103.54","2"
"74.80.180.179","2"
"74.80.180.195","2"
"84.17.42.37","2"
"185.221.132.227","2"
"37.156.216.131","2"
"45.87.214.35","2"
"45.138.86.227","2"
"104.244.210.51","2"
"146.70.104.3","2"
"172.241.214.202","2"
"104.244.210.243","2"
"208.78.41.147","2"
"104.244.209.35","2"
"104.244.209.67","2"
"185.226.64.111","2"
"45.87.212.51","2"
"194.187.251.147","2"
"173.205.85.163","2"
"107.150.28.131","2"
"104.152.222.33","2"
"68.235.50.227","2"
"146.70.103.35","2"
"104.254.92.11","2"
"66.115.182.131","2"
"107.150.31.3","2"
"178.175.134.187","2"
"198.12.116.195","2"
"66.115.176.3","2"
"89.187.168.66","2"
"185.236.200.35","2"
"185.244.214.35","2"
"109.201.130.2","2"
"89.40.182.3","2"
"95.143.177.66","2"
"2.58.44.243","2"
"104.129.4.67","2"
"185.245.85.99","2"
"177.54.157.179","2"
"185.15.21.66","2"
"169.150.197.162","2"
"94.242.50.214","2"
"184.75.212.91","2"
"185.246.210.2","2"
"89.238.178.43","2"
"212.102.63.2","2"
"212.102.63.62","2"
"185.120.147.3","2"
"195.181.170.66","2"
"103.137.14.35","2"
"103.9.79.219","2"
"103.9.79.186","2"
"89.187.177.50","2"
"217.138.254.67","2"
"66.115.165.227","2"
"146.70.53.35","2"
"199.115.96.83","2"
"143.244.40.226","2"
"31.7.57.242","2"
"149.36.51.130","2"
"217.64.127.11","2"
"217.138.255.195","2"
"185.225.28.51","2"
"177.54.148.247","2"
"46.199.75.101","2"
"156.146.56.111","2"
"156.146.56.98","2"
"146.70.54.115","2"
"212.103.48.67","2"
"67.21.32.145","2"
"84.17.55.98","2"
"143.244.44.210","2"
"89.187.187.98","2"
"192.158.226.15","2"
"37.120.135.83","2"
"162.222.195.67","2"
"155.94.250.67","2"
"84.17.53.2","2"
"217.199.121.15","2"
"155.94.251.67","2"
"89.252.132.19","2"
"89.252.132.35","2"
"165.73.248.91","2"
"138.199.22.162","2"
"196.196.216.131","2"
"141.98.215.211","2"
"141.98.215.227","2"
"185.253.99.131","2"
"185.4.227.83","2"
"197.242.159.199","2"
"23.226.141.195","2"
"185.189.163.162","2"
"150.107.76.119","2"
"202.129.16.155","2"
"202.129.16.147","2"
"185.189.160.12","2"
"185.206.224.195","2"
"165.231.253.243","2"
"185.156.174.11","2"
"104.223.127.195","2"
"27.122.12.99","2"
"188.124.42.99","2"
"23.83.130.166","2"
"104.218.61.1","2"
"103.62.50.131","2"
"38.153.115.1","2"
"27.122.14.35","2"
"174.128.251.147","2"
"198.8.85.225","2"
"198.8.85.195","2"
"185.165.170.2","2"
"169.255.58.177","2"
"103.28.53.162","2"
"176.222.34.139","2"
"62.212.239.59","2"
"62.212.239.219","2"
"104.129.56.67","2"
"116.206.228.179","2"
"198.147.22.225","2"
"89.44.201.99","2"
"104.129.56.131","2"
"146.70.29.179","2"
"91.219.212.83","2"
"103.77.232.75","2"
"5.133.11.116","2"
"202.176.4.165","2"
"190.103.179.217","2"
"190.103.179.211","2"
"103.77.234.211","2"
"82.102.31.35","2"
"185.200.117.163","2"
"82.102.30.67","2"
"81.17.29.2","2"
"84.252.95.131","2"
"146.70.25.67","2"
"155.94.209.131","2"
"104.168.34.147","2"
"149.57.28.225","2"
"149.57.28.241","2"
"149.57.28.65","2"
"173.44.36.67","2"
"149.57.28.97","2"
"149.57.28.49","2"
"194.34.133.82","2"
"195.146.4.188","2"
"198.54.128.196","2"
"208.77.22.204","2"
"198.54.128.116","2"
"198.12.64.35","2"
"196.244.192.51","2"
"45.89.174.35","2"
"104.227.235.129","2"
"155.94.216.3","2"
"79.142.76.198","2"
"185.104.187.43","2"
"86.106.87.83","2"
"103.55.39.187","2"
"146.70.25.3","1"